"","Value","Std.Error","t-value","p-value","Lambda"
"(Intercept)",2303.88364190028,106.609491253997,21.6104927882197,5.20633242580209e-56,-0.00886756280207538
"ThermalRegime",-108.145299292451,4.66198174628324,-23.1972807226605,1.11561870165066e-60,-0.00886756280207538
"HWI",1.99468916678897,1.1928318075528,1.67223002787061,0.0959201699327757,-0.00886756280207538
"Dietinvertebrates",-9.42999981483128,37.9638126958688,-0.248394435258012,0.804064149331538,-0.00886756280207538
"Dietomnivore",-61.7434112253901,40.4286821781253,-1.52721800214397,0.128163059228077,-0.00886756280207538
"Dietseeds",-40.992063613334,52.7023648052835,-0.777803116895896,0.437532273062349,-0.00886756280207538
"Dietvertebrates",52.1676560807056,80.5930519657753,0.647297190120795,0.518123785604599,-0.00886756280207538
